<?xml version="1.0" encoding="UTF-8"?>
<project-private xmlns="http://www.netbeans.org/ns/project-private/1">
    <editor-bookmarks xmlns="http://www.netbeans.org/ns/editor-bookmarks/2" lastBookmarkId="0"/>
    <open-files xmlns="http://www.netbeans.org/ns/projectui-open-files/2">
        <group>
            <file>file:/C:/Users/RC_Student_Lab/Desktop/ST10452468_Prog_Part%202/test%20Fix%20Part2/Part%201/test/part1/MessageServiceTest.java</file>
            <file>file:/C:/Users/RC_Student_Lab/Desktop/ST10452468_Prog_Part%202/test%20Fix%20Part2/Part%201/src/part1/MessageService.java</file>
            <file>file:/C:/Users/RC_Student_Lab/Desktop/ST10452468_Prog_Part%202/test%20Fix%20Part2/Part%201/src/part1/JSONFileHandler.java</file>
            <file>file:/C:/Users/RC_Student_Lab/Desktop/ST10452468_Prog_Part%202/test%20Fix%20Part2/Part%201/src/part1/MessagingForm.java</file>
            <file>file:/C:/Users/RC_Student_Lab/Desktop/ST10452468_Prog_Part%202/test%20Fix%20Part2/Part%201/src/part1/LoginForm.java</file>
            <file>file:/C:/Users/RC_Student_Lab/Desktop/ST10452468_Prog_Part%202/test%20Fix%20Part2/Part%201/test/part1/MessageManagerTest.java</file>
            <file>file:/C:/Users/RC_Student_Lab/Desktop/ST10452468_Prog_Part%202/test%20Fix%20Part2/Part%201/src/part1/RegisterForm.java</file>
            <file>file:/C:/Users/RC_Student_Lab/Desktop/ST10452468_Prog_Part%202/test%20Fix%20Part2/Part%201/src/part1/SentMessagesDialog.java</file>
            <file>file:/C:/Users/RC_Student_Lab/Desktop/ST10452468_Prog_Part%202/test%20Fix%20Part2/Part%201/src/part1/MessageDetailsDialog.java</file>
            <file>file:/C:/Users/RC_Student_Lab/Desktop/ST10452468_Prog_Part%202/test%20Fix%20Part2/Part%201/test/part1/Part3TestSuite.java</file>
            <file>file:/C:/Users/RC_Student_Lab/Desktop/ST10452468_Prog_Part%202/test%20Fix%20Part2/Part%201/test/part1/MessageTest.java</file>
            <file>file:/C:/Users/RC_Student_Lab/Desktop/ST10452468_Prog_Part%202/test%20Fix%20Part2/Part%201/test/part1/LoginServiceIT.java</file>
            <file>file:/C:/Users/RC_Student_Lab/Desktop/ST10452468_Prog_Part%202/test%20Fix%20Part2/Part%201/src/part1/MessageManager.java</file>
            <file>file:/C:/Users/RC_Student_Lab/Desktop/ST10452468_Prog_Part%202/test%20Fix%20Part2/Part%201/src/part1/Message.java</file>
            <file>file:/C:/Users/RC_Student_Lab/Desktop/ST10452468_Prog_Part%202/test%20Fix%20Part2/Part%201/src/part1/SendMessageForm.java</file>
            <file>file:/C:/Users/RC_Student_Lab/Desktop/ST10452468_Prog_Part%202/test%20Fix%20Part2/Part%201/src/part1/MainForm.java</file>
            <file>file:/C:/Users/RC_Student_Lab/Desktop/ST10452468_Prog_Part%202/test%20Fix%20Part2/Part%201/src/part1/LoginService.java</file>
        </group>
    </open-files>
</project-private>
