[
  {
    "messageID": "2792317445",
    "messageNumber": 1,
    "recipient": "+27718693002",
    "content": "Hi Mike, can you join us for dinner tonight",
    "messageHash": "27:1:HITONIGHT"
  },
  {
    "messageID": "2792317445",
    "messageNumber": 1,
    "recipient": "+27718693002",
    "content": "Hi Mike, can you join us for dinner tonight",
    "messageHash": "27:1:HITONIGHT"
  },
  {
    "messageID": "2424722230",
    "messageNumber": 1,
    "recipient": "+27718693002",
    "content": "Hi Mike, can you join us for dinner tonight",
    "messageHash": "24:1:HITONIGHT"
  },
  {
    "messageID": "7749589542",
    "messageNumber": 1,
    "recipient": "+27718693002",
    "content": "Hi Mike, can you join us for dinner tonight",
    "messageHash": "77:1:HITONIGHT"
  },
  {
    "messageID": "8186928903",
    "messageNumber": 1,
    "recipient": "+27718693002",
    "content": "Hi Mike, can you join us for dinner tonight",
    "messageHash": "81:1:HITONIGHT"
  }
]